,Unique_genes
AAACATACAACCAC,170
AAACATTGAGCTAC,305
AAACATTGATCAGC,261
AAACCGTGCTTCCG,236
AAACCGTGTATGCG,115
AAACGCACTGGTAC,180
AAACGCTGACCAGT,168
AAACGCTGGTTCTT,173
AAACGCTGTAGCCA,107
AAACGCTGTTTCTG,134
AAACTTGAAAAACG,257
AAACTTGATCCAGA,153
AAAGAGACGAGATA,175
AAAGAGACGCGAGA,262
AAAGAGACGGACTT,86
AAAGAGACGGCATT,61
AAAGCAGATATCGG,370
AAAGCCTGTATGCG,233
AAAGGCCTGTCTAG,333
AAAGTTTGATCACG,110
AAAGTTTGGGGTGA,248
AAAGTTTGTAGAGA,67
AAAGTTTGTAGCGT,221
AAATCAACAATGCC,193
AAATCAACACCAGT,95
AAATCAACCAGGAG,184
AAATCAACCCTATT,398
AAATCAACGGAAGC,214
AAATCAACTCGCAA,228
AAATCATGACCACA,338
AAATCCCTCCACAA,89
AAATCCCTGCTATG,88
AAATGTTGAACGAA,244
AAATGTTGCCACAA,169
AAATGTTGTGGCAT,266
AAATTCGAAGGTTC,150
AAATTCGAATCACG,204
AAATTCGAGCTGAT,252
AAATTCGAGGAGTG,199
AAATTCGATTCTCA,225
AAATTGACACGACT,191
AAATTGACTCGCTC,223
AACAAACTCATTTC,148
AACAAACTTTCGTT,181
AACAATACGACGAG,161
AACACGTGCAGAGG,163
AACACGTGGAAAGT,149
AACACGTGGAACCT,225
AACACGTGGCTACA,151
AACACGTGTACGAC,306
AACAGCACAAGAGT,87
AACATTGATGGGAG,380
AACCAGTGATACCG,335
AACCCAGATCGCTC,161
AACCGATGCTCCCA,191
AACCGATGGTCATG,176
AACCGATGTTCTAC,203
AACCGCCTAGCGTT,294
AACCGCCTCTACGA,311
AACCTACTGTGAGG,428
AACCTACTGTGTTG,175
AACCTTACGAGACG,171
AACCTTACGCGAGA,160
AACCTTACTAACGC,194
AACCTTTGGACGGA,159
AACCTTTGTACGCA,360
AACGCAACAAGTAG,171
AACGCATGACCCAA,186
AACGCATGCCTTCG,174
AACGCATGTACTTC,212
AACGCCCTCGGGAA,160
AACGCCCTCGTACA,234
AACGCCCTGGCATT,155
AACGTCGAGTATCG,238
AACGTGTGAAAGCA,201
AACGTGTGGCGGAA,174
AACGTGTGTCCAAG,132
AACGTGTGTGCTTT,184
AACTACCTTAGAGA,213
AACTCACTCAAGCT,242
AACTCACTTGGAGG,192
AACTCGGAAAGTGA,162
AACTCGGAAGGTCT,144
AACTCTTGCAGGAG,180
AACTGTCTCCCTTG,208
AACTTGCTACGCTA,215
AACTTGCTGGGACA,140
AAGAACGAGTGTTG,73
AAGAAGACGTAGGG,147
AAGACAGAAGTCTG,136
AAGACAGAGGATCT,168
AAGACAGATTACCT,218
AAGAGATGGGTAGG,127
AAGATGGAAAACAG,87
AAGATGGAGAACTC,265
AAGATGGAGATAAG,319
AAGATTACAACCTG,143
AAGATTACAGATCC,325
AAGATTACCCGTTC,226
AAGATTACCGCCTT,284
AAGATTACCTCAAG,224
AAGATTACTCCTCG,88
AAGCAAGAGCGAGA,189
AAGCAAGAGCTTAG,201
AAGCAAGAGGTGTT,201
AAGCACTGAGCAAA,200
AAGCACTGCATACG,88
AAGCACTGGTTCTT,376
AAGCCAACGTGTTG,194
AAGCCATGAACTGC,434
AAGCCATGACACGT,148
AAGCCATGCGTGAT,158
AAGCCATGTCTCGC,108
AAGCCTGACATGCA,171
AAGCCTGACCGAAT,127
AAGCGACTCCTCAC,209
AAGCGACTGTGTCA,196
AAGCGACTTACAGC,113
AAGCGACTTTGACG,298
AAGCGTACGTCTTT,130
AAGGCTTGCGAACT,173
AAGGTCACGGTTAC,160
AAGGTCACTGTTTC,136
AAGGTCACTTCCCG,205
AAGGTCTGACAGTC,203
AAGGTCTGCAGATC,70
AAGTAACTCTGAAC,191
AAGTAACTGAGATA,81
AAGTAGGATACAGC,198
AAGTATACCGAACT,209
AAGTCCGACTTGTT,119
AAGTCCGATAGAAG,214
AAGTCTCTAGTCGT,206
AAGTCTCTCGGAGA,154
AAGTGGCTTGGAGG,138
AAGTTCCTCATTCT,225
AAGTTCCTTCTTAC,231
AATAAGCTCGAATC,201
AATAAGCTCGTTGA,120
AATACCCTGGACGA,138
AATACCCTGGCATT,254
AATACTGAAAGGGC,145
AATACTGAATTGGC,174
AATAGGGAACCCTC,200
AATAGGGAGAATGA,180
AATCAAACTATCGG,135
AATCCGGAATGCTG,232
AATCCTACCGGTAT,151
AATCCTTGACGGGA,211
AATCCTTGGTGAGG,188
AATCGGTGGAACTC,189
AATCGGTGTGCTTT,154
AATCTAGAAAAGTG,200
AATCTAGAATCGGT,186
AATCTCACAGCCTA,307
AATCTCACTCTAGG,164
AATCTCTGAACAGA,144
AATCTCTGCTTTAC,158
AATGATACACCAAC,159
AATGATACGGTCAT,325
AATGCGTGACACCA,203
AATGCGTGGACGGA,307
AATGCGTGGCTATG,191
AATGGAGAATCGTG,218
AATGGAGATCCTTA,165
AATGGCTGACACCA,219
AATGGCTGCGTGAT,190
AATGGCTGTAAAGG,120
AATGGCTGTACTCT,143
AATGGCTGTGAAGA,155
AATGTAACGGTGGA,206
AATGTCCTCTTCTA,193
AATGTTGACAGTCA,209
AATGTTGAGTTGAC,247
AATGTTGATCTACT,201
AATTACGAATTCCT,325
AATTACGACTTCTA,177
AATTACGAGTGAGG,257
AATTACGATTGGCA,138
AATTCCTGCTCAGA,167
AATTGATGTCGCAA,337
AATTGTGACTTGGA,147
ACAAAGGAGGGTGA,123
ACAAATTGATTCTC,326
ACAAATTGCTCAGA,128
ACAAATTGTTGCGA,222
ACAACCGAGGGATG,241
ACAACCGAGTTACG,175
ACAAGAGAAGTCGT,321
ACAAGAGACTTATC,78
ACAAGAGAGTTGAC,127
ACAATCCTAACCGT,190
ACAATCCTTAGCGT,161
ACAATTGACTGACA,186
ACAATTGATGACTG,210
ACACAGACCATACG,193
ACACCAGAGGGCAA,169
ACACCCTGGTGTTG,189
ACACGAACAGTTCG,140
ACACGATGACGCAT,210
ACACGATGATGTGC,210
ACACGATGTCGTAG,287
ACACGATGTGGTCA,210
ACAGACACGGCATT,184
ACAGACACGTTGTG,183
ACAGCAACACCTAG,115
ACAGCAACCTCAAG,353
ACAGGTACCCCACT,185
ACAGGTACGCTGTA,179
ACAGGTACTGGTGT,258
ACAGTCGACCCAAA,115
ACAGTCGACCGATA,197
ACAGTGACTCACCC,195
ACAGTGACTCTATC,170
ACAGTGTGGTCACA,86
ACAGTGTGTTGCGA,214
ACATCACTCTACTT,232
ACATGGTGAAGCCT,187
ACATGGTGCAACCA,184
ACATGGTGCGAGTT,172
ACATTCTGGCATAC,207
ACATTCTGGGAACG,275
ACCAACGACATGCA,144
ACCACAGAAAGTAG,96
ACCACAGAGTTGGT,185
ACCACCTGTGTGCA,98
ACCACGCTACAGCT,193
ACCACGCTACCCAA,182
ACCACGCTGCGAGA,165
ACCACGCTGCTGTA,154
ACCAGCCTGACAGG,206
ACCAGTGAACGGTT,125
ACCAGTGAATACCG,336
ACCAGTGAGGGATG,172
ACCAGTGATGACTG,134
ACCATTACCTTCTA,221
ACCATTACGAGATA,269
ACCATTTGTCATTC,114
ACCCAAGAACTGTG,196
ACCCAAGAATTCCT,308
ACCCAAGAGGACAG,221
ACCCAAGATTCACT,148
ACCCACTGCGCCTT,121
ACCCACTGGACAGG,61
ACCCACTGGTTCAG,113
ACCCACTGTCGTAG,288
ACCCAGCTCAGAAA,181
ACCCAGCTGTTAGC,380
ACCCAGCTTGCTTT,180
ACCCGTTGATGACC,117
ACCCGTTGCTGCAA,175
ACCCGTTGCTTCTA,426
ACCCTCGACCTATT,171
ACCCTCGACGGTAT,103
ACCCTCGATAAGGA,260
ACCCTCGATCAAGC,132
ACCGTGCTACCAGT,174
ACCGTGCTGGAACG,181
ACCTATTGCTGAGT,106
ACCTATTGTGCCCT,310
ACCTCCGAGTCCTC,181
ACCTCCGATATGCG,147
ACCTCCGATGCTGA,121
ACCTCGTGAACCAC,159
ACCTGAGATATCGG,184
ACCTGGCTAAGTAG,201
ACCTTTGACTCCCA,292
ACCTTTGAGGAACG,333
ACCTTTGAGGAAGC,311
ACGAACACCTTGTT,214
ACGAACTGGCTATG,614
ACGAAGCTCTCCAC,67
ACGAAGCTCTGAGT,426
ACGACCCTATCTCT,345
ACGACCCTGATGAA,129
ACGACCCTTGACAC,200
ACGACCCTTGACCA,142
ACGAGGGACAGGAG,468
ACGAGGGACGAACT,193
ACGAGGGATGTAGC,237
ACGAGTACCCTAAG,106
ACGAGTACGAATCC,270
ACGATCGAGGACTT,152
ACGATCGAGTCACA,270
ACGATGACAATGCC,170
ACGATGACTGGTCA,213
ACGATTCTACGGGA,126
ACGCAATGGTTCAG,134
ACGCACCTGTTAGC,141
ACGCCACTGAACTC,73
ACGCCGGAAACCAC,214
ACGCCGGAAAGCCT,141
ACGCCGGAAATGCC,131
ACGCCTTGCTCCCA,270
ACGCGGTGGCGAGA,186
ACGCGGTGTGTGGT,209
ACGCGGTGTTTGCT,184
ACGCTCACAGTACC,185
ACGCTCACCCTTGC,165
ACGCTGCTGTTCTT,216
ACGGAACTCAGATC,230
ACGGAACTGTCGTA,226
ACGGAGGACTCTTA,225
ACGGATTGGGAGGT,143
ACGGATTGGTTAGC,237
ACGGCTCTGAGCAG,208
ACGGCTCTTGCACA,165
ACGGTAACCGCTAA,166
ACGGTAACCTTCGC,190
ACGGTAACGGTGGA,71
ACGGTAACTCGCAA,106
ACGGTATGAGTCGT,182
ACGGTATGGGTATC,177
ACGGTATGGTTGTG,147
ACGGTCCTAACGGG,219
ACGGTCCTCGGGAA,145
ACGTAGACAACCAC,170
ACGTAGACTACAGC,169
ACGTCAGAAACGAA,179
ACGTCAGAGAGCTT,187
ACGTCAGAGGGATG,139
ACGTCCTGATAAGG,229
ACGTCCTGTGAACC,315
ACGTCGCTCCTGAA,361
ACGTCGCTCTATTC,160
ACGTCGCTTCTCAT,133
ACGTGATGCCATGA,336
ACGTGATGGGTCTA,143
ACGTGATGTAACCG,266
ACGTGATGTGACAC,234
ACGTGCCTCCGTAA,191
ACGTGCCTTCTATC,108
ACGTTACTTTCCAT,150
ACGTTGGAAAAGCA,151
ACGTTGGAAACCTG,188
ACGTTGGACCGTAA,142
ACGTTGGAGCCAAT,196
ACGTTGGATATGGC,112
ACGTTGGATCAGGT,298
ACGTTTACATCAGC,164
ACTAAAACCCACAA,127
ACTAAAACTCGACA,207
ACTACGGAATTTCC,181
ACTACGGACCTATT,128
ACTACGGATCGCTC,216
ACTACTACTAAGGA,160
ACTAGGTGGAACCT,198
ACTAGGTGGAACTC,218
ACTATCACCTTGGA,191
ACTATCACTGCCAA,167
ACTCAGGACTGAAC,165
ACTCAGGATCTATC,166
ACTCAGGATTCGTT,114
ACTCCTCTCAACTG,253
ACTCGCACGAAAGT,188
ACTCGCACTACGAC,200
ACTCTCCTGACACT,85
ACTCTCCTGCATAC,387
ACTCTCCTGTTTGG,183
ACTGAGACAACCAC,183
ACTGAGACCCATAG,308
ACTGAGACGTTGGT,244
ACTGCCACACACGT,222
ACTGCCACTCCGTC,204
ACTGGCCTTCAGTG,192
ACTGTGGACGTGTA,281
ACTGTGGATCTAGG,289
ACTGTTACCCACAA,146
ACTGTTACTGCAGT,128
ACTTAAGAACCACA,150
ACTTAAGATTACTC,245
ACTTAGCTGCGTAT,296
ACTTAGCTGGGAGT,197
ACTTCAACAAGCAA,441
ACTTCAACGTAGGG,151
ACTTCCCTTTCCGC,151
ACTTCTGACATGCA,139
ACTTGACTCCACAA,200
ACTTGGGAGAAAGT,272
ACTTGGGAGGTTTG,154
ACTTGGGATGTGAC,97
ACTTGGGATTGACG,274
ACTTGTACCTGTCC,76
ACTTTGTGGAAAGT,152
ACTTTGTGGATAGA,276
AGAAACGAAAGTAG,126
AGAAAGTGCGCAAT,175
AGAAAGTGGGGATG,187
AGAACAGAAATGCC,233
AGAACAGACGACTA,109
AGAACAGAGACAAA,222
AGAACGCTTTGCTT,129
AGAAGATGTGACTG,247
AGAATGGAAGAAGT,178
AGAATTTGTAACCG,216
AGAATTTGTAGAGA,94
AGACACACTGTAGC,170
AGACACTGTCAAGC,175
AGACCTGAAGTAGA,240
AGACCTGACCAACA,215
AGACCTGAGGAAGC,251
AGACGTACAGAGGC,180
AGACGTACCCCTAC,149
AGACGTACCTCTTA,245
AGACGTACTCGTGA,212
AGACTGACCATCAG,170
AGACTGACCCTTTA,196
AGACTTCTCATGCA,115
AGAGATGACAGTCA,120
AGAGATGACTGAAC,139
AGAGATGAGGTTTG,190
AGAGATGATCTCGC,235
AGAGATGATTGTGG,188
AGAGCGGAGGCAAG,375
AGAGTCTGGTCGTA,362
AGAGTGCTCAGCTA,112
AGAGTGCTCGAATC,196
AGAGTGCTGTCATG,194
AGAGTGCTGTCCTC,184
AGAGTGCTGTGTTG,153
AGATATACCCGTAA,233
AGATATACGATGAA,175
AGATATACTGTTCT,190
AGATATTGCCTACC,210
AGATATTGGCCAAT,317
AGATCGTGTCTGGA,244
AGATCGTGTTTGTC,165
AGATCTCTATCACG,138
AGATTAACGTTCTT,315
AGATTCCTATCGTG,205
AGATTCCTCACTTT,173
AGATTCCTGACGAG,254
AGATTCCTGTTCAG,231
AGCAAAGATATGCG,191
AGCACAACAGTCTG,128
AGCACTGAGGGAGT,200
AGCACTGATATGCG,207
AGCACTGATGCTTT,380
AGCACTGATTGCGA,142
AGCATCGAAGATCC,167
AGCATCGAAGGGTG,138
AGCATCGAGCTTCC,253
AGCATCGAGTGAGG,230
AGCATCGATAACCG,261
AGCATGACGATGAA,152
AGCCAATGGGGAGT,203
AGCCAATGTATCTC,177
AGCCACCTGGATCT,170
AGCCGGTGCCAATG,248
AGCCGGTGTGTTTC,152
AGCCGTCTCAATCG,193
AGCCGTCTGAGAGC,211
AGCCTCACGTTCGA,150
AGCCTCACTGTCAG,348
AGCCTCTGCAGTTG,128
AGCCTCTGCCAATG,193
AGCGAACTGGATCT,205
AGCGAACTTACTGG,176
AGCGATACGGAGCA,99
AGCGATTGAGATCC,201
AGCGCCGAATCTCT,101
AGCGCCGACAGAGG,259
AGCGCTCTACCTTT,156
AGCGGCACCGGGAA,123
AGCGGCTGATGTGC,166
AGCGGGCTTGCCAA,161
AGCGTAACATGCTG,220
AGCGTAACTGAGAA,294
AGCTCGCTACTGGT,154
AGCTCGCTCTGCTC,180
AGCTGAACCATACG,283
AGCTGAACCTCTCG,168
AGCTGCCTTGGGAG,124
AGCTGCCTTTCATC,383
AGCTGCCTTTCTGT,172
AGCTGTGATCCAAG,132
AGCTTTACAAGTAG,148
AGCTTTACACCAAC,193
AGCTTTACTCTCAT,171
AGGAAATGAGGAGC,180
AGGAACCTCTTAGG,320
AGGAACCTTGCCTC,211
AGGAATGATAACGC,186
AGGAATGATTTGTC,217
AGGAGTCTGGTTTG,171
AGGAGTCTTGTCAG,146
AGGATAGACATTTC,253
AGGATAGAGGATTC,202
AGGATGCTACTAGC,145
AGGATGCTTTAGGC,156
AGGCAACTGAAGGC,178
AGGCAGGAGTACCA,182
AGGCCTCTAGTCGT,170
AGGCCTCTCGGAGA,186
AGGCCTCTCGTAAC,89
AGGGACGACGTTGA,132
AGGGACGAGTCAAC,230
AGGGACGAGTTGTG,186
AGGGACGATAGAGA,162
AGGGACGATGCATG,173
AGGGAGTGAGCCTA,103
AGGGCCACCATACG,190
AGGGCGCTAACCAC,275
AGGGCGCTATGGTC,183
AGGGTGGACAGTCA,197
AGGGTGGACTCAAG,221
AGGGTGGAGTTGCA,220
AGGGTTTGTTCATC,176
AGGTCATGAGTGTC,121
AGGTCATGCTTATC,131
AGGTCTGATTCTCA,250
AGGTGGGAAGAATG,157
AGGTGGGAAGTTCG,168
AGGTGTTGGTTACG,170
AGGTTCGAACCTCC,127
AGGTTCGAACGTAC,174
AGGTTCGAGGGTGA,79
AGTAAGGAGTTTGG,166
AGTAAGGATTCTTG,204
AGTAATACATCACG,173
AGTAATACCGAACT,110
AGTAATTGTCCCAC,170
AGTACGTGAGGGTG,176
AGTACGTGCTGCAA,202
AGTACGTGCTTGGA,225
AGTACTCTACGTGT,137
AGTACTCTCAACCA,156
AGTACTCTCGGTAT,210
AGTAGGCTTGCCTC,329
AGTATAACTTGTCT,400
AGTATCCTAGAACA,129
AGTCACGATGAGCT,315
AGTCAGACGAATAG,240
AGTCAGACGCTTAG,107
AGTCAGACTAGAGA,190
AGTCAGACTGCACA,218
AGTCCAGATATCTC,122
AGTCCAGATTTCAC,182
AGTCGAACCAACCA,103
AGTCGCCTCCGTAA,195
AGTCTACTAGGGTG,140
AGTCTACTTGCATG,401
AGTCTTACACCACA,140
AGTCTTACTTCGCC,192
AGTCTTACTTCGGA,90
AGTGACTGCAACTG,338
AGTGTTCTAACCTG,195
AGTGTTCTATAAGG,123
AGTGTTCTCACTTT,232
AGTTAAACCACTTT,189
AGTTATGAACAGTC,278
AGTTATGACTGAGT,208
AGTTATGAGTTCAG,199
AGTTCTACCAGCTA,191
AGTTCTTGAAGCCT,133
AGTTGTCTACTACG,178
AGTTTAGATGGTCA,130
AGTTTCACGGTCTA,242
AGTTTGCTACAGTC,148
AGTTTGCTACTGGT,182
AGTTTGCTCCAAGT,157
ATAAACACAGTGCT,208
ATAAACACCACCAA,207
ATAACAACATGCTG,245
ATAACAACGTCTAG,141
ATAACAACTTTGTC,210
ATAACATGTACTCT,219
ATAACCCTGTTGGT,123
ATAACCCTTGGTAC,250
ATAAGTACGAATGA,135
ATAAGTTGGTACGT,146
ATAAGTTGTCTAGG,177
ATAATCGAGCTGAT,118
ATAATCGATGGTTG,147
ATAATGACCTACTT,207
ATAATGACTCGTGA,184
ATACAATGTTAGGC,152
ATACCACTCGTACA,244
ATACCACTCTAAGC,286
ATACCACTGCCAAT,180
ATACCGGAATGCTG,454
ATACCGGACATTTC,217
ATACCGGACTTCGC,211
ATACCGGAGGTGTT,175
ATACCGGATCTCGC,129
ATACCTACGCATCA,211
ATACCTTGGGGCAA,192
ATACGGACAGACTC,116
ATACGGACCTACTT,110
ATACGGACGAGGTG,117
ATACGGACTATGCG,108
ATACGGACTCTGGA,160
ATACGTCTTAACGC,180
ATACTCTGCTTCGC,364
ATACTCTGGTATGC,189
ATAGATACCATGGT,183
ATAGATACGACGAG,152
ATAGATTGGTGTAC,199
ATAGCCGAACGGAG,139
ATAGCGTGCAGATC,172
ATAGCGTGCCCTTG,240
ATAGCGTGGTATCG,120
ATAGCGTGTCTCTA,177
ATAGCTCTCTGATG,95
ATAGCTCTGAGGTG,166
ATAGGAGAAACAGA,251
ATAGGCTGTCAGAC,177
ATAGTCCTAGTGTC,213
ATAGTCCTTGCATG,191
ATAGTCCTTGTCGA,174
ATAGTTGACAACTG,156
ATAGTTGACCCTCA,341
ATAGTTGAGACGTT,104
ATAGTTGATAAGCC,149
ATATACGAAGCCAT,190
ATATACGAATTGGC,270
ATATAGTGGAATGA,114
ATATGCCTAGATCC,194
ATATGCCTGGACAG,225
ATATGCCTTCTCTA,107
ATATGCCTTGGTAC,149
ATCAAATGAGCCTA,233
ATCAAATGGGTAAA,340
ATCAACCTAAACGA,201
ATCAACCTGAGGAC,164
ATCAACCTTCTCTA,244
ATCAACCTTTGTCT,182
ATCACACTTTGTCT,189
ATCACGGATTTCGT,161
ATCATCTGACACCA,124
ATCATGCTAGAGTA,102
ATCATGCTGAACCT,258
ATCCAGGACGCTAA,319
ATCCAGGATGGAAA,167
ATCCATACTCCTTA,168
ATCCATACTTCATC,331
ATCCCGTGCAGTCA,237
ATCCCGTGCATGCA,82
ATCCCGTGGCTGAT,152
ATCCGCACGCATCA,195
ATCCTAACGACGGA,151
ATCCTAACGCTACA,197
ATCGACGAAACTGC,294
ATCGACGAATGACC,193
ATCGAGTGGACGTT,179
ATCGCAGAATCTCT,365
ATCGCAGAGTGTCA,160
ATCGCCACTGAGGG,173
ATCGCCTGGGTCAT,193
ATCGCCTGTGGCAT,65
ATCGCGCTCAGAGG,177
ATCGCGCTGGGATG,181
ATCGCGCTTTTCGT,174
ATCGGAACCAGTCA,120
ATCGGTGAGTCAAC,148
ATCGGTGATTGCAG,201
ATCGTTTGCCTACC,294
ATCGTTTGGGTACT,170
ATCGTTTGTGCCAA,111
ATCTACACCCGCTT,97
ATCTACACCGGGAA,179
ATCTCAACAGGAGC,159
ATCTCAACCTCGAA,47
ATCTCAACCTTGTT,199
ATCTGGGAAACCAC,252
ATCTGGGAAGTGTC,305
ATCTGGGATTCCGC,222
ATCTGTTGAACGGG,185
ATCTGTTGACCTCC,193
ATCTGTTGCCTTCG,389
ATCTGTTGGTTGCA,207
ATCTTGACACCAAC,181
ATCTTGACCTCCCA,135
ATCTTTCTGCATCA,86
ATCTTTCTGTTTCT,192
ATCTTTCTTGTCCC,206
ATGAAACTCTGTGA,222
ATGAAACTGAGGCA,136
ATGAAGGAACAGCT,166
ATGAAGGACCTGTC,169
ATGAAGGACCTTAT,66
ATGAAGGACTAGTG,68
ATGAAGGACTTGCC,229
ATGACGTGACGACT,130
ATGACGTGATCGGT,299
ATGAGAGAAAGTGA,197
ATGAGAGAACGCAT,158
ATGAGAGAAGTAGA,134
ATGAGCACACAGCT,222
ATGAGCACATCTTC,197
ATGATAACTTCACT,198
ATGATATGAAACAG,297
ATGATATGACTGGT,164
ATGATATGAGCACT,172
ATGATATGGTCATG,158
ATGATATGGTGCTA,219
ATGATATGTTGTCT,281
ATGCACGAATGTCG,115
ATGCACGACTGTAG,127
ATGCACGAGAACCT,206
ATGCACGAGTTCGA,147
ATGCACGATTGGTG,396
ATGCAGTGTTACCT,122
ATGCAGTGTTCTAC,174
ATGCCAGAACGACT,169
ATGCCAGACAGTCA,181
ATGCCGCTTGAACC,241
ATGCGATGCTATGG,235
ATGCGATGCTGAGT,174
ATGCGATGGTTACG,171
ATGCGCCTTCATTC,163
ATGCTTTGCGAATC,217
ATGCTTTGGGCGAA,101
ATGCTTTGTAGTCG,149
ATGGACACATCGGT,233
ATGGACACGCATCA,149
ATGGGTACAACCTG,145
ATGGGTACATCGGT,191
ATGGGTACTATTCC,200
ATGGGTACTGGGAG,194
ATGTAAACACCTCC,177
ATGTAAACCCGCTT,220
ATGTAAACGGGATG,322
ATGTAAACTCTCCG,294
ATGTAAACTTCACT,236
ATGTACCTCAGTCA,150
ATGTACCTTAGTCG,203
ATGTACCTTTATCC,162
ATGTACCTTTCACT,254
ATGTCACTAATGCC,289
ATGTCACTCTGCTC,90
ATGTCGGAGGTGAG,212
ATGTTCACAGTCTG,214
ATGTTCACCGTAGT,187
ATGTTGCTTTCAGG,149
ATTAACGATGAGAA,122
ATTAACGATGCAAC,188
ATTAAGACTGCAGT,261
ATTACCTGCCTTAT,278
ATTACCTGGAGGAC,281
ATTAGATGTTTCAC,126
ATTATGGAATCTCT,239
ATTCAAGAACGGGA,198
ATTCAAGACCTTTA,167
ATTCAGCTCATTGG,103
ATTCCAACCATTGG,270
ATTCCAACTTAGGC,187
ATTCGACTCACTAG,181
ATTCGACTGAATAG,197
ATTCGACTTTTGTC,243
ATTCGGGAAAGGCG,266
ATTCGGGATTAGGC,231
ATTCTTCTGATACC,148
ATTGAATGGACGGA,130
ATTGATGAAGGTTC,151
ATTGATGACTGAGT,180
ATTGATGAGCGAAG,190
ATTGATGATCTATC,172
ATTGCACTGACGGA,164
ATTGCACTGAGAGC,271
ATTGCACTGGAGCA,169
ATTGCACTTAGCCA,183
ATTGCACTTGCTTT,386
ATTGCTTGTTACTC,186
ATTGGTCTGACTAC,222
ATTGGTCTTGTCTT,80
ATTGTAGATTCCCG,404
ATTGTAGATTGCAG,166
ATTGTCTGCGTACA,170
ATTTAGGAACCATG,415
ATTTAGGACAGAGG,217
ATTTCCGAGATGAA,211
ATTTCCGAGTGCTA,171
ATTTCGTGTATGGC,201
ATTTCTCTACTTTC,328
ATTTCTCTAGCAAA,214
ATTTCTCTCACTTT,278
ATTTCTCTTCCCAC,131
ATTTGCACAAGATG,138
CAAAGCACAGCTCA,191
CAAAGCACCGTAAC,182
CAAAGCACGGTAAA,230
CAAAGCTGAAAGTG,121
CAAAGCTGTTGCTT,223
CAAATATGTGACAC,159
CAAATTGAGGGCAA,131
CAAATTGATGGAGG,104
CAACCAGAAAAGTG,160
CAACCAGAAGTGCT,293
CAACCAGAGTTCAG,310
CAACCAGATAGAAG,93
CAACCGCTGTTCAG,136
CAACCGCTTTGAGC,191
CAACGATGCGCAAT,372
CAACGTGACTCCAC,289
CAACGTGAGCCATA,167
CAACGTGATCAAGC,229
CAAGAAGACCACAA,196
CAAGAAGACGTCTC,300
CAAGAAGATTCTAC,161
CAAGACTGACCTGA,134
CAAGACTGAGTAGA,195
CAAGCTGACCATAG,309
CAAGCTGATCTATC,189
CAAGGACTGTTCAG,214
CAAGGACTTCTTTG,154
CAAGGTTGCTCCAC,190
CAAGGTTGTCATTC,139
CAAGGTTGTCTGGA,234
CAAGTCGAAACAGA,196
CAAGTCGATAGCGT,197
CAATAAACGCCATA,83
CAATAATGAACTGC,210
CAATATGACATGGT,204
CAATATGACCTTCG,178
CAATATGACGTTAG,129
CAATATGAGGAGCA,192
CAATCGGAGAAACA,179
CAATCTACTGACTG,261
CAATTCACCCAACA,169
CAATTCACGATAGA,173
CAATTCACTTGTGG,71
CAATTCTGCTTGTT,285
CAATTCTGGCGTAT,180
CACAACGATACGAC,163
CACAATCTTGTTCT,166
CACAATCTTTCCAT,277
CACACCTGCTTGAG,130
CACACCTGTATGGC,135
CACAGAACCCTTGC,183
CACAGAACCTGATG,226
CACAGATGGGATTC,224
CACAGATGGTTTCT,224
CACAGCCTGATACC,238
CACAGCCTTGCCAA,232
CACAGCCTTGTAGC,180
CACAGTGATGAAGA,254
CACATACTACAGCT,158
CACATGGAACACGT,238
CACATGGAAGTCGT,145
CACCACTGCCAACA,163
CACCACTGGCGAAG,194
CACCCATGTTCTGT,56
CACCGGGAATCGAC,232
CACCGGGACGAGAG,221
CACCGGGACGTGTA,179
CACCGGGACTTCTA,386
CACCGGGACTTGCC,163
CACCGGGATTCGGA,217
CACCGTACTAAGGA,137
CACCGTACTAGCGT,187
CACCTGACACCCAA,211
CACCTGACCAGAAA,145
CACCTGACCTCAAG,171
CACCTGACGAAAGT,168
CACCTGACTCGTAG,161
CACGAAACTTCCGC,159
CACGACCTCGATAC,156
CACGCTACAGAAGT,75
CACGCTACTGTTCT,146
CACGGGACAGAGTA,195
CACGGGACATAAGG,164
CACGGGACGTAGGG,207
CACGGGTGCTTCGC,187
CACGGGTGGAGGAC,170
CACGGGTGTGTTTC,73
CACTAACTCCTAAG,165
CACTAACTGAAAGT,172
CACTAGGATGATGC,111
CACTATACCCCGTT,223
CACTATACGTTTGG,155
CACTGAGACAGTCA,96
CACTGCACTTCATC,146
CACTGCTGAGACTC,297
CACTGCTGGAAAGT,214
CACTTAACCGAATC,189
CACTTAACCGTACA,149
CACTTTGACTCTAT,150
CACTTTGAGCTGTA,95
CAGAAGCTCTCAAG,156
CAGACATGAACGGG,153
CAGACATGTCGACA,189
CAGACCCTAAGGTA,310
CAGACCCTAATGCC,184
CAGACCCTAGGAGC,201
CAGACTGAGTATGC,185
CAGATCGAATGTCG,174
CAGATCGACCTGAA,98
CAGATCGATATGGC,164
CAGATGACATTCTC,235
CAGCAATGCCTTCG,197
CAGCAATGGAGGGT,197
CAGCAATGGTGCTA,186
CAGCAATGTCTACT,196
CAGCAATGTGACCA,138
CAGCAATGTGAGGG,120
CAGCACCTAAGCCT,161
CAGCACCTAGGCGA,122
CAGCACCTGTAGGG,323
CAGCATGACAACCA,275
CAGCATGAGACGTT,187
CAGCCTACCCAACA,206
CAGCCTTGCTACCC,187
CAGCCTTGGGGACA,204
CAGCGGACACCCTC,124
CAGCGGACCTTTAC,198
CAGCGTCTAAAGCA,209
CAGCGTCTTATCGG,198
CAGCTAGATGTGAC,126
CAGCTCTGAGGCGA,187
CAGCTCTGCAAGCT,159
CAGCTCTGTCGTAG,279
CAGCTCTGTGTGGT,240
CAGGAACTAACTGC,169
CAGGAACTCTCAGA,186
CAGGCCGAACACCA,215
CAGGCCGAACACGT,279
CAGGCCGAACGACT,118
CAGGCCGAATCTCT,204
CAGGCCGACTAGCA,204
CAGGGCACCATACG,125
CAGGGCACCCAACA,158
CAGGGCACTCCCGT,199
CAGGTAACAGACTC,229
CAGGTATGAGTCGT,163
CAGGTATGTGCTTT,227
CAGGTTGAGGATCT,462
CAGTGATGGACGGA,149
CAGTGATGGCTAAC,171
CAGTGATGGGACAG,202
CAGTGATGTAAGGA,177
CAGTGATGTACGCA,65
CAGTGTGATGTCAG,125
CAGTTACTAAGGTA,234
CAGTTACTGATAGA,170
CAGTTGGAAAGAGT,293
CAGTTGGACATACG,182
CAGTTTACACACGT,446
CAGTTTACCCCAAA,128
CATAAAACGGAGCA,202
CATAAATGAACTGC,140
CATAACCTTCTCCG,218
CATACTACCTCGAA,110
CATACTACCTGAAC,153
CATACTACGTACCA,161
CATACTTGGGTTAC,472
CATAGTCTAATCGC,193
CATAGTCTCACTTT,200
CATATAGACTAAGC,246
CATATAGATCAGGT,170
CATCAACTAGAAGT,222
CATCAACTCCCTCA,205
CATCAGGACTTCCG,199
CATCAGGATAGCCA,175
CATCAGGATCCTAT,395
CATCAGGATGCACA,277
CATCAGGATTTCGT,148
CATCATACCGCATA,292
CATCATACGGAGCA,152
CATCATACTCAAGC,187
CATCGCTGGGATCT,206
CATCGCTGTGGCAT,152
CATCGGCTATGCTG,218
CATCGGCTTTGGCA,159
CATCTCCTATGTGC,166
CATCTCCTCGAACT,231
CATGAGACACGGGA,75
CATGAGACGTTGAC,175
CATGAGACTCGCCT,105
CATGCCACGGGTGA,142
CATGCCACTGCCAA,202
CATGCGCTAGTCAC,419
CATGCGCTCAGATC,191
CATGCGCTTTGCAG,367
CATGGCCTAGGGTG,124
CATGGCCTGTGCAT,202
CATGTACTATCGTG,161
CATGTTACAGTCGT,185
CATGTTACCTGAGT,164
CATGTTTGGGGATG,213
CATTACACACGGAG,127
CATTACACCAACTG,264
CATTACACGGAGTG,268
CATTACACTACTCT,168
CATTAGCTCCACAA,283
CATTGACTAGCGGA,171
CATTGGGACTCGAA,134
CATTGTACAGCGTT,151
CATTGTACTCGATG,177
CATTGTACTTATCC,108
CATTGTACTTTGCT,316
CATTGTTGCTAGTG,158
CATTTCGACTCTAT,159
CATTTCGAGATACC,279
CATTTGACCACACA,157
CATTTGACCCTGAA,178
CATTTGTGACGACT,187
CATTTGTGCATTGG,207
CATTTGTGCGGAGA,176
CATTTGTGGGATCT,182
CCAAAGTGCTACGA,331
CCAAAGTGTGAGAA,128
CCAACCTGAAGTAG,200
CCAACCTGACGTAC,195
CCAACCTGTTCGCC,258
CCAAGAACCCAATG,142
CCAAGAACGTAGCT,200
CCAAGAACGTGTCA,159
CCAAGAACTACTGG,195
CCAAGAACTCCTAT,87
CCAAGATGTCATTC,154
CCAAGATGTTTCAC,157
CCAAGTGAGGAACG,188
CCAAGTGATCAAGC,209
CCAATTTGAACGTC,235
CCACCATGAACGTC,151
CCACCATGATCGGT,146
CCACCATGGACGAG,357
CCACCATGGGGAGT,149
CCACCATGTCCTGC,229
CCACTGACCCGCTT,184
CCACTGTGGGAAGC,109
CCACTGTGTGTAGC,157
CCACTTCTCGGGAA,271
CCAGAAACCCTGTC,112
CCAGAAACGAACTC,209
CCAGAAACGGTCTA,173
CCAGACCTCTGAGT,85
CCAGACCTTGTGGT,120
CCAGCACTGCGATT,333
CCAGCGGAAAGGCG,150
CCAGCGGACGACTA,224
CCAGCGGATGGGAG,229
CCAGCTACACAGTC,140
CCAGCTACCAGCTA,98
CCAGGTCTACACCA,136
CCAGGTCTAGCATC,212
CCAGGTCTATGGTC,197
CCAGTCACACTGGT,222
CCAGTCACACTGTG,182
CCAGTCACGTTGTG,154
CCAGTGCTAACCAC,246
CCAGTGCTCGTAGT,190
CCATCCGAAAGCAA,172
CCATCCGAACGACT,83
CCATCCGAAGGTTC,157
CCATCCGATTCGCC,149
CCATCGTGAACGGG,196
CCATCGTGCTAGAC,234
CCCAACACCTCGCT,231
CCCAACACGCATCA,174
CCCAACACTTTGTC,308
CCCAACTGCAATCG,107
CCCAGACTGCCTTC,348
CCCAGACTGGTTTG,195
CCCAGACTTTCGCC,315
CCCAGTTGCAGTTG,292
CCCAGTTGGGTACT,157
CCCAGTTGTCTATC,173
CCCGATTGTGTTTC,159
CCCGGAGAAGGGTG,110
CCCTACGAATTGGC,190
CCCTAGTGCAAAGA,210
CCCTCAGACACTTT,194
CCCTCAGACGAGAG,184
CCCTCAGAGGTCAT,130
CCCTGAACTAAAGG,127
CCCTGATGCAACCA,186
CCCTGATGCAAGCT,172
CCCTTACTAACCAC,304
CCCTTACTGCAGTT,108
CCGAAAACCTTGTT,398
CCGACACTGGTTTG,264
CCGACTACCCAGTA,301
CCGACTACCGTGTA,98
CCGACTACTGAGGG,192
CCGATAGACCTAAG,96
CCGATAGAGTTGGT,274
CCGCGAGACACACA,206
CCGCGAGAGGTTCA,188
CCGCTATGGGACGA,193
CCGCTATGTGCAAC,259
CCGCTATGTGCACA,235
CCGGTACTGTCCTC,183
CCGTACACAAGCAA,139
CCGTACACAGCGTT,174
CCGTACACGTCATG,188
CCGTACACGTTGGT,293
CCGTACACTAACGC,182
CCTAAACTTTCGTT,159
CCTAAGGACCCAAA,127
CCTAAGGACTAGCA,170
CCTAAGGAGGGCAA,76
CCTAAGGATGATGC,192
CCTAAGGATGTCAG,184
CCTACCGACTCTTA,138
CCTACCGAGGGATG,185
CCTAGAGAGGTGAG,108
CCTATAACCAAAGA,164
CCTATAACGAGACG,148
CCTATAACTCAGAC,164
CCTATAACTGCATG,164
CCTCGAACACTTTC,195
CCTCGAACCCGTAA,197
CCTCGAACGTATCG,146
CCTCGAACTTACTC,215
CCTCTACTCTTCGC,345
CCTCTACTGGCATT,142
CCTGACTGAAGTAG,162
CCTGACTGGGGAGT,148
CCTGACTGTGTCTT,141
CCTGCAACACGTTG,213
CCTGGACTCGTGAT,137
CCTTAATGCCCAAA,160
CCTTAATGTTCTAC,318
CCTTCACTACGACT,179
CCTTCACTCAGTCA,159
CCTTCACTGGAGTG,151
CCTTTAGATTCATC,292
CGAACATGCCCTAC,235
CGAACATGTCAGAC,166
CGAAGACTGGAACG,214
CGAAGACTGTTACG,147
CGAAGGGAAACCTG,214
CGAAGGGATCCGAA,165
CGAAGTACCAACTG,130
CGAATCGAGGAGCA,94
CGAATCGAGGAGGT,189
CGACAAACCCATAG,172
CGACAAACCGACAT,177
CGACCACTAAAGTG,223
CGACCACTGCCAAT,234
CGACCGGAAGGTCT,167
CGACCGGATGGAAA,219
CGACCTTGCTAGTG,166
CGACGTCTATCGTG,153
CGACGTCTCGTGTA,148
CGACGTCTGAGGCA,80
CGACTCACGTCGTA,148
CGACTCACGTTGCA,92
CGACTCTGTGTGAC,256
CGACTGCTTCCTCG,196
CGAGAACTAAGGCG,174
CGAGAACTACGTTG,128
CGAGAACTTGTTCT,248
CGAGATTGGACACT,193
CGAGATTGGCCATA,93
CGAGCCGAACACCA,182
CGAGCCGAGGCGAA,171
CGAGCGTGCTCCAC,241
CGAGCGTGGATACC,214
CGAGCGTGTATGCG,155
CGAGGAGACCTCCA,157
CGAGGAGATGTCGA,74
CGAGGCACCTATGG,162
CGAGGCACTATGCG,352
CGAGGCACTCTTCA,176
CGAGGCTGACGCTA,148
CGAGGCTGGCAGTT,234
CGAGGGCTACGACT,138
CGAGGGCTCGAATC,73
CGAGTATGTCACCC,245
CGATACGAACAGTC,262
CGATACGACAGGAG,473
CGATACGATTCACT,182
CGATAGACCCGTAA,161
CGATAGACCGTACA,222
CGATAGACGTAGGG,203
CGATAGACTGTTCT,114
CGATCAGAAGAACA,199
CGATCAGAGAGGGT,174
CGATCAGAGGTACT,293
CGATCAGATGTGAC,481
CGATCCACCGGGAA,257
CGATCCACTTCCAT,71
CGCAAATGCTCGAA,77
CGCAACCTCCTTGC,181
CGCAACCTGGACGA,206
CGCACGGAGGACGA,127
CGCACGGATCTTTG,113
CGCACTACAGAATG,155
CGCACTACAGCCAT,212
CGCACTACATTGGC,181
CGCACTACTCGCCT,126
CGCACTACTCGTGA,188
CGCACTTGTCACGA,279
CGCAGGACAGATCC,191
CGCAGGACCTACTT,88
CGCAGGACTTGTCT,425
CGCAGGTGCACTGA,205
CGCAGGTGCCATAG,307
CGCAGGTGGGAACG,219
CGCATAGATCACGA,113
CGCCATACTGCAAC,248
CGCCATTGAGAGGC,190
CGCCATTGCTATGG,165
CGCCATTGGAGACG,173
CGCCATTGGAGCAG,167
CGCCATTGTACTGG,142
CGCCGAGAGCTTAG,235
CGCCTAACGAATGA,353
CGCCTAACTGCTCC,225
CGCGAGACACAGCT,172
CGCGAGACAGGTCT,259
CGCGAGACGCTACA,179
CGCGATCTCAGTCA,250
CGCGATCTGTTGAC,184
CGCGATCTTTCTTG,160
CGCGGATGGCCAAT,190
CGCTAAGAATGTCG,236
CGCTAAGACAACTG,179
CGCTAAGACCCTTG,181
CGCTACTGAACAGA,302
CGCTACTGAGAACA,190
CGCTACTGTGAGCT,144
CGCTACTGTTCCCG,147
CGCTCATGCATTTC,160
CGGAATTGGTTTGG,153
CGGAATTGTGGAGG,143
CGGACCGATGCGTA,186
CGGACCGATGGGAG,91
CGGACTCTAAACAG,135
CGGACTCTCCAATG,179
CGGACTCTCCTCGT,188
CGGAGGCTATTCCT,73
CGGAGGCTTGGATC,164
CGGATAACAACGAA,215
CGGATAACAGCTCA,196
CGGATAACTCAGTG,114
CGGCACGAACTCAG,192
CGGCACGAAGGGTG,178
CGGCACGACTACGA,245
CGGCATCTTAGAAG,187
CGGCATCTTCGTAG,267
CGGCCAGAAAGGTA,159
CGGCCAGAGAGGCA,231
CGGCGAACCAGTCA,310
CGGCGAACGACAAA,206
CGGCGAACGGTCTA,176
CGGCGAACTACTTC,191
CGGGACTGCGTGTA,217
CGGGACTGGAATAG,184
CGGGCATGACCCAA,109
CGGGCATGTCTCTA,242
CGGGCATGTTGTGG,159
CGGTAAACTCGCAA,261
CGGTCACTGTTTGG,194
CGGTCACTTACTTC,247
CGTAACGATCGCCT,226
CGTACCACACACAC,171
CGTACCACACGTTG,146
CGTACCACCTCATT,176
CGTACCACGGAGCA,159
CGTACCTGGCATCA,235
CGTAGCCTCTCTCG,215
CGTAGCCTGCGAAG,192
CGTAGCCTGTATGC,293
CGTCAAGAAAGGTA,127
CGTCAAGAACGTGT,207
CGTCAAGACAGAGG,208
CGTCAAGACAGGAG,218
CGTCCATGCTCTTA,189
CGTCGACTTTCCGC,205
CGTGATGACGCTAA,108
CGTGATGAGGTTCA,161
CGTGCACTTATGGC,278
CGTGTAGAAAAACG,181
CGTGTAGACGATAC,171
CGTGTAGAGTTACG,231
CGTGTAGAGTTCAG,185
CGTGTAGATTCGGA,201
CGTTAGGAAACCAC,189
CGTTAGGATCATTC,338
CGTTATACCCTGAA,222
CGTTTAACTGGTCA,203
CTAAACCTCTGACA,280
CTAAACCTGTGCAT,209
CTAACACTAACGTC,198
CTAACACTAGTGCT,229
CTAACGGAACCGAT,260
CTAACGGATTTCTG,159
CTAACTACGGCAAG,120
CTAAGGACACCATG,154
CTAAGGACCGTTAG,309
CTAAGGACGCCATA,274
CTAAGGTGCCTAAG,102
CTAAGGTGTTGCAG,195
CTAAGGTGTTTCTG,95
CTAATAGAGCTATG,36
CTAATGCTTGTGGT,201
CTACAACTCCCGTT,224
CTACCTCTCAACCA,189
CTACGCACACCTAG,280
CTACGCACTCTCCG,202
CTACGCACTGGTCA,248
CTACGGCTTTCTTG,362
CTACTATGAACCAC,286
CTACTATGATGTGC,166
CTACTATGCTAAGC,196
CTACTATGTAAAGG,111
CTACTCCTATGTCG,249
CTACTCCTGCCATA,82
CTAGAGACACTTTC,266
CTAGAGACAGCATC,200
CTAGAGACTTTGGG,414
CTAGATCTCTCTAT,161
CTAGATCTTCGACA,206
CTAGGATGAGCCTA,397
CTAGGATGATCGTG,173
CTAGGCCTCTCAGA,159
CTAGGTGATGGTTG,304
CTAGTTACCAGAGG,186
CTAGTTACCGCATA,192
CTAGTTACGAAACA,229
CTATAAGATCGTTT,197
CTATACTGAGGTTC,87
CTATACTGCCAGTA,171
CTATACTGCGCTAA,182
CTATACTGCTACGA,235
CTATACTGTCTCAT,189
CTATACTGTTCGTT,354
CTATAGCTGTCACA,129
CTATAGCTTCGCTC,256
CTATAGCTTGCCTC,228
CTATCAACGAACTC,198
CTATCAACGCAGAG,239
CTATCAACTTTGGG,158
CTATCCCTCCACCT,203
CTATGTACGAGAGC,212
CTATGTACGCTTAG,134
CTATGTACTGTTTC,322
CTATGTTGAAAGCA,190
CTATGTTGTCCTCG,113
CTATGTTGTCTCGC,252
CTATTGACAAACGA,145
CTATTGACACTGGT,263
CTATTGACGGTGAG,300
CTATTGTGGCAAGG,133
CTCAATTGGTTCAG,198
CTCAATTGGTTGCA,189
CTCAGAGATAGAAG,179
CTCAGCACTCTAGG,192
CTCAGCACTGAACC,116
CTCAGCACTTGCAG,149
CTCAGCTGAACCTG,224
CTCAGCTGCAGTTG,154
CTCAGGCTCGTTGA,363
CTCAGGCTGCTAAC,114
CTCATTGACCTTAT,230
CTCATTGATGCTTT,246
CTCCACGAGAGATA,353
CTCCATCTCTTAGG,150
CTCCATCTGACGAG,211
CTCCGAACAAGTGA,232
CTCCTACTGCCTTC,155
CTCGAAGATGTGGT,179
CTCGAAGATTAGGC,238
CTCGACTGCTCTAT,92
CTCGACTGGGTGAG,149
CTCGACTGGTTGAC,205
CTCGAGCTCTGGAT,132
CTCGCATGACTTTC,160
CTCGCATGCTTAGG,179
CTCTAAACCTCGAA,186
CTCTAAACGGCGAA,126
CTCTAATGTCCAAG,223
CTGAACGACAGTCA,202
CTGAACGATGAGGG,162
CTGAAGACCCAACA,202
CTGAAGACGTGCAT,218
CTGAAGTGAAGCCT,373
CTGAAGTGCAGCTA,142
CTGAAGTGGCTATG,145
CTGAAGTGTCCAGA,214
CTGAATCTGAATAG,194
CTGACAGAATCGTG,230
CTGACCACAGCAAA,182
CTGAGAACCGGGAA,240
CTGAGAACGTAAAG,168
CTGATACTAGTAGA,147
CTGATTTGGTGTTG,280
CTGCAGCTAACCGT,170
CTGCAGCTGACACT,158
CTGCAGCTGGATTC,378
CTGCAGCTTGGCAT,302
CTGCCAACAGGAGC,194
CTGCCAACCAGCTA,165
CTGCCAACTAACCG,203
CTGCCAACTGCTCC,169
CTGCCAACTTGCAG,157
CTGCCAACTTGCTT,215
CTGCGACTCCACCT,72
CTGGAAACAAACGA,203
CTGGAAACATCGAC,205
CTGGATGACTGGAT,202
CTGGATGACTTGTT,137
CTGGATGATGTGAC,81
CTGGCACTCAAGCT,248
CTGTAACTAACCAC,182
CTGTAACTAGCGTT,146
CTGTATACGTAAAG,85
CTGTATACGTACGT,293
CTGTATACGTTGGT,154
CTGTGAGACAACCA,342
CTGTGAGACCTTGC,156
CTGTGAGACGAACT,204
CTGTGAGACTGTAG,268
CTTAAAGAACCTGA,142
CTTAACACCTGTAG,178
CTTAACACTATCGG,135
CTTAAGCTACCTAG,175
CTTAAGCTAGTACC,96
CTTAAGCTCATCAG,150
CTTAAGCTCCGCTT,169
CTTACAACTAACGC,189
CTTACAACTCCCGT,150
CTTACTGACGTACA,137
CTTAGACTAAACGA,188
CTTAGGGACTTGCC,252
CTTAGGGAGAATCC,113
CTTATCGACTCATT,175
CTTCACCTACCTGA,381
CTTCATGAAGCATC,139
CTTCATGAAGTACC,105
CTTCATGACCGAAT,83
CTTGAACTACGCAT,155
CTTGATTGAGGTTC,191
CTTGATTGATCTTC,217
CTTGATTGCATTCT,192
CTTGATTGTTTCGT,224
CTTGTATGACACCA,157
CTTGTATGCGCAAT,97
CTTTACGAGCGAAG,110
CTTTAGACCGTGAT,87
CTTTAGACGAGACG,146
CTTTAGACGATACC,164
CTTTAGACGTTGGT,218
CTTTAGACTCATTC,221
CTTTAGTGACGGGA,221
CTTTAGTGGGTGGA,108
CTTTCAGAGAAACA,178
CTTTGATGAGCACT,162
CTTTGATGTCTAGG,194
CTTTGATGTGTCCC,217
CTTTGATGTGTGGT,156
GAAACAGAACTACG,150
GAAACAGAATCACG,165
GAAACAGACATTCT,179
GAAACCTGATCGTG,174
GAAACCTGATGCCA,195
GAAACCTGCTTATC,240
GAAACCTGGACTAC,436
GAAACCTGTGCTAG,161
GAAAGATGATTTCC,218
GAAAGATGCTGATG,348
GAAAGATGCTTCGC,178
GAAAGATGTAAGGA,62
GAAAGCCTACGTTG,165
GAAAGTGAAAGTGA,379
GAAAGTGACCACAA,293
GAAAGTGACTCAAG,183
GAAATACTACCAAC,70
GAAATACTCTTAGG,162
GAAATACTTCCTCG,191
GAACACACGTGCAT,323
GAACACACTGCCTC,140
GAACAGCTAACTGC,408
GAACAGCTCTCAGA,309
GAACCAACCACAAC,65
GAACCAACTTCCGC,179
GAACCTGAACGTGT,354
GAACCTGAGAGACG,191
GAACCTGATGAACC,218
GAACGGGATACTTC,160
GAACTGTGACCTGA,335
GAACTGTGCCAGTA,227
GAAGAATGCAATCG,137
GAAGCGGACCTATT,340
GAAGCTACGAATGA,236
GAAGCTACGGTTTG,197
GAAGGGTGAAAGTG,179
GAAGGGTGCTTAGG,249
GAAGGTCTGAAAGT,239
GAAGGTCTGTTGCA,202
GAAGGTCTTAAAGG,399
GAAGTAGACTCCCA,188
GAAGTAGATCCAAG,355
GAAGTCACCCTCGT,185
GAAGTCACCCTGTC,115
GAAGTCTGTCGCAA,176
GAAGTCTGTTCTGT,125
GAAGTGCTAAACGA,189
GAAGTGCTCCGCTT,282
GAAGTGCTTAACCG,197
GAATGCACCCTAAG,235
GAATGCACCTTCGC,205
GAATGCTGCGGTAT,147
GAATTAACGATAAG,172
GAATTAACGGTCAT,152
GAATTAACGTCGTA,146
GAATTAACTGAAGA,218
GACAACACAGGCGA,161
GACAACACATCGTG,172
GACAACACTCGCCT,164
GACAACTGAGGTTC,168
GACAGGGAAGAGTA,155
GACAGGGAATGCCA,211
GACAGTACGAGCTT,378
GACAGTACTTCGGA,387
GACAGTTGAGTAGA,226
GACATTCTCCACCT,450
GACCAAACGACTAC,204
GACCAAACGTATCG,227
GACCCTACTAAAGG,156
GACCTAGACCTCAC,106
GACCTAGACGAGAG,179
GACCTCACAAGGTA,126
GACCTCACGTACGT,301
GACCTCTGCATCAG,242
GACGAACTCCCACT,146
GACGATTGCCAATG,126
GACGCCGACCTTCG,293
GACGCTCTCTCTCG,94
GACGGCACACGGGA,228
GACGGCACGAGATA,281
GACGTAACCTATGG,184
GACGTAACCTGTGA,217
GACGTAACTATGGC,251
GACGTATGTTGACG,207
GACGTATGTTTGCT,179
GACGTCCTACGGAG,163
GACGTCCTCTCAAG,230
GACGTCCTGATAAG,176
GACTACGATGGTCA,188
GACTCCTGCTCGCT,138
GACTCCTGGGTTAC,192
GACTCCTGTTATCC,165
GACTCCTGTTGGTG,233
GACTGAACCAATCG,195
GACTGATGTGATGC,178
GACTTTACATGCCA,176
GACTTTACGACAGG,118
GAGAAATGTTCTCA,126
GAGATAGAAAAAGC,288
GAGATCACGACAAA,279
GAGATGCTCTGGAT,204
GAGATGCTGAATGA,166
GAGCAGGATTCCCG,190
GAGCATACTTTGCT,410
GAGCGCACGCGTAT,179
GAGCGCACGGTGAG,102
GAGCGCTGAAGATG,183
GAGCGCTGTCTTAC,181
GAGCGGCTGGGAGT,130
GAGGACGACTCAGA,113
GAGGATCTGAAAGT,75
GAGGCAGACTTGCC,212
GAGGGAACACCAGT,165
GAGGGAACGAGGGT,198
GAGGGATGGGAAAT,137
GAGGGCCTTCACCC,207
GAGGGTGAAGAGTA,171
GAGGTACTACGGTT,139
GAGGTACTACTCAG,178
GAGGTACTGACACT,206
GAGGTACTGGGAGT,122
GAGGTACTTAGCGT,290
GAGGTGGAGTACGT,120
GAGGTGGATCCTCG,234
GAGGTTACTCGTTT,311
GAGGTTTGTAAGCC,93
GAGTCAACCATTCT,87
GAGTCAACGGGAGT,150
GAGTCTGATCGTGA,172
GAGTCTGATTTGGG,125
GAGTGACTCAGCTA,259
GAGTGACTCGGTAT,204
GAGTGACTCTTGCC,164
GAGTGACTGACTAC,106
GAGTGACTGTCTAG,184
GAGTGGGAGTCTTT,151
GAGTGGGATGCCCT,147
GAGTGGGATGCTGA,136
GAGTGTTGCTGTAG,203
GAGTGTTGTGGTCA,163
GAGTTGTGCATGGT,80
GAGTTGTGCTGAGT,205
GAGTTGTGGCGAGA,119
GAGTTGTGGTAGCT,227
GAGTTGTGTATGCG,348
GATAAGGAGAAACA,115
GATAAGGATTCACT,207
GATACTCTATCGGT,161
GATACTCTTACTTC,220
GATACTCTTGACTG,200
GATAGAGAAGGGTG,207
GATAGAGACTGTGA,251
GATAGAGATCACGA,247
GATAGCACCCATAG,181
GATAGCACGAAGGC,320
GATAGCACTTGTCT,201
GATATAACAAGGTA,236
GATATAACACGCAT,145
GATATATGCTGGAT,163
GATATATGTCCGTC,167
GATATATGTGGAGG,308
GATATCCTAGAAGT,184
GATATCCTCCCGTT,125
GATATTGACAGGAG,149
GATATTGACGAGTT,367
GATATTGAGCCAAT,167
GATCCCTGACCTTT,243
GATCCCTGTGTAGC,210
GATCCGCTGGTCAT,303
GATCGAACCGAGAG,336
GATCGATGACTAGC,121
GATCGATGGTAAAG,144
GATCGATGTAAGGA,225
GATCGTGACACTAG,184
GATCGTGATTCACT,182
GATCTACTGGTGAG,158
GATCTACTTTGCAG,156
GATCTTACACCCAA,343
GATCTTACCCTACC,221
GATCTTACGAATAG,166
GATCTTACGAGATA,204
GATGCAACTCCAGA,175
GATGCCCTACGTAC,223
GATGCCCTCTCATT,165
GATGCCCTGGCAAG,219
GATGCCCTTTTGCT,111
GATTACCTTGTTCT,165
GATTCGGAACGACT,162
GATTCGGACAGGAG,265
GATTCGGAGAAGGC,307
GATTCTTGATTCGG,311
GATTCTTGCCGATA,181
GATTCTTGCGAGTT,136
GATTGGACCCGTTC,271
GATTGGACGGTGTT,146
GATTGGACTTTCGT,135
GATTGGTGTGTCAG,259
GATTTAGACACTCC,325
GATTTAGACTAAGC,265
GATTTAGATTCGTT,73
GATTTGCTAACGAA,180
GATTTGCTAACGGG,104
GCAACCCTCCTCGT,97
GCAACTGATTGCGA,187
GCAAGACTACTGGT,256
GCAAGACTAGGTCT,196
GCAAGACTCCCTTG,207
GCAATCGACTGCAA,185
GCAATCGAGACGTT,328
GCAATCGATCCTTA,261
GCAATTCTCGTGTA,194
GCAATTCTTCTCCG,220
GCACAAACAATGCC,114
GCACAAACGGTACT,220
GCACAATGGTGCAT,214
GCACACCTGTGCTA,167
GCACCACTCATGAC,286
GCACCACTGTTTGG,87
GCACCACTTCCTTA,229
GCACCACTTTCGGA,285
GCACCTACGCGATT,251
GCACCTTGGCTGTA,113
GCACCTTGGGGAGT,290
GCACGGACCAGCTA,210
GCACGGTGACCTCC,189
GCACGGTGCTATGG,299
GCACTAGAACGGGA,223
GCACTAGAAGATGA,132
GCACTAGACCTTTA,286
GCACTAGACGTAAC,68
GCACTAGAGTCGTA,226
GCACTAGATGCAAC,183
GCACTGCTGAGGCA,234
GCAGATACAGCGTT,179
GCAGATACGACGGA,129
GCAGATACGCAGAG,165
GCAGCCGACAGTCA,197
GCAGCGTGCACTCC,161
GCAGCTCTCAATCG,128
GCAGCTCTGTTTCT,165
GCAGGGCTAAGAAC,161
GCAGGGCTAAGGGC,138
GCAGGGCTATCGAC,221
GCAGGGCTTGGGAG,217
GCAGTCCTAACTGC,166
GCAGTCCTCTCTTA,159
GCATCAGATGCGTA,168
GCATGTGACAAGCT,178
GCATTGGAGAAGGC,250
GCCAAAACGAGGCA,196
GCCAAATGATCGAC,212
GCCAACCTACGGTT,131
GCCAACCTCGCCTT,130
GCCACGGAGGCGAA,173
GCCACGGATACTGG,166
GCCACTACGTCTTT,159
GCCCAACTACCGAT,189
GCCCAACTATGGTC,155
GCCCATACAGCGTT,171
GCCGACGAACTCTT,256
GCCGAGTGCGTTGA,240
GCCGGAACGAACTC,178
GCCGGAACGTTCTT,190
GCCGGAACTGCACA,168
GCCGGAACTTACTC,186
GCCGTACTACCTGA,130
GCCGTACTGGCAAG,188
GCCTACACAGTTCG,224
GCCTACACCACTGA,227
GCCTACACCTTGAG,194
GCCTAGCTACGGAG,130
GCCTAGCTCTATTC,179
GCCTAGCTTCTCAT,156
GCCTAGCTTCTCTA,303
GCCTCAACCATGGT,167
GCCTCAACTCTTTG,465
GCCTCATGTCTTAC,186
GCCTGACTCTCAAG,183
GCGAAGGAACTCTT,125
GCGAAGGATGCCAA,178
GCGAGAGAGGGACA,151
GCGAGCACTGTCGA,75
GCGAGCACTTGACG,162
GCGAGCACTTGCTT,245
GCGATATGGTACGT,194
GCGATATGGTGTTG,125
GCGCACGAAGTCGT,158
GCGCACGACTTTAC,155
GCGCATCTAGGTCT,106
GCGCATCTGGTTAC,231
GCGCATCTTCGATG,158
GCGCATCTTGCTCC,214
GCGCATCTTTCTAC,165
GCGCGAACGTTCTT,137
GCGCGATGAACGGG,201
GCGCGATGGTGCAT,332
GCGGAGCTCCTGAA,156
GCGGCAACCCGATA,164
GCGGCAACGGAGGT,107
GCGGCAACTGTCGA,91
GCGTAAACACGGTT,416
GCGTAATGCACCAA,349
GCGTATGAACACCA,152
GCGTATGATGAGAA,270
GCTACAGAAAGGTA,172
GCTACAGAATCTTC,61
GCTACCTGAGAAGT,282
GCTACCTGATCACG,187
GCTACGCTAGAATG,201
GCTACGCTAGCTAC,175
GCTACGCTCCCTAC,230
GCTAGAACAGAGGC,136
GCTAGAACGGATCT,211
GCTAGAACTCCCGT,82
GCTAGATGAGCTCA,191
GCTAGATGGCGATT,162
GCTATACTAAGGCG,212
GCTATACTAGCGTT,127
GCTATACTCTCTTA,158
GCTATACTGGACGA,220
GCTCAAGAACCATG,410
GCTCAAGAAGTCAC,292
GCTCAGCTGTCTAG,108
GCTCCATGAGAAGT,255
GCTCCATGCCGAAT,158
GCTCGACTCTAGTG,155
GCTGATGAGGTATC,193
GCTTAACTACAGTC,124
GCTTAACTACTGGT,164
GCTTAACTGCTGAT,177
GCTTAACTTAGACC,142
GCTTAACTTCAGTG,180
GGAACACTCACTTT,93
GGAACACTTCAGAC,93
GGAACTACTACTTC,152
GGAACTTGAAGGTA,304
GGAACTTGAGAATG,173
GGAACTTGCTCCAC,230
GGAACTTGGGTAGG,138
GGAAGGACATCGGT,155
GGAAGGACCACTAG,195
GGAAGGACGAGGGT,190
GGAAGGACGCGAAG,193
GGAAGGTGGCGAGA,189
GGAATCTGAAGGGC,141
GGAATCTGAGGAGC,302
GGAATCTGCTTAGG,132
GGAATCTGCTTGTT,288
GGAATCTGGGAGGT,189
GGAATGCTTTCTAC,160
GGACAGGAAAGGGC,160
GGACAGGAGTGCTA,174
GGACAGGATCTCGC,184
GGACCCGAAGCTAC,315
GGACCGTGCTTACT,173
GGACCGTGGGAACG,357
GGACCGTGTAACGC,211
GGACCTCTGTAAGA,236
GGACCTCTTTTCTG,198
GGACGAGAGTGTCA,119
GGACGCTGACGCAT,225
GGACGCTGCTAGCA,171
GGACGCTGTCCTCG,199
GGAGAGACGTGAGG,205
GGAGCAGATTCAGG,103
GGAGCCACCTTCTA,266
GGAGCGCTACGCAT,320
GGAGCGCTCCGAAT,238
GGAGGATGCCACCT,102
GGAGGATGGTTGAC,207
GGAGGATGTCAGTG,191
GGAGGCCTCGTTGA,195
GGAGGCCTTTCTTG,167
GGAGGTGATACGCA,166
GGAGGTGATCGCTC,168
GGATACTGCAGCTA,204
GGATACTGTCTAGG,209
GGATAGCTCGTCTC,221
GGATAGCTCTGAAC,191
GGATGTACCAAAGA,150
GGATGTACGCGAAG,129
GGATGTACGTCTTT,68
GGATGTACGTGTCA,153
GGATTTCTAGGTTC,160
GGATTTCTTTGTCT,284
GGCAAGGAAAAAGC,281
GGCAAGGAAGAAGT,189
GGCAAGGACTTGGA,279
GGCAAGGAGGACTT,198
GGCAATACGCTAAC,96
GGCAATACGGCATT,104
GGCAATACGTTTCT,171
GGCACGTGGCTTAG,301
GGCACTCTTTTGTC,223
GGCATATGCTTATC,214
GGCATATGGGGAGT,70
GGCATATGTGTGAC,362
GGCCACGACAGAGG,75
GGCCAGACTGGTTG,207
GGCCCAGAAAGTAG,244
GGCCGAACAACGAA,152
GGCCGAACGCAGAG,77
GGCCGAACGTAGGG,149
GGCCGAACTCTAGG,164
GGCCGATGCAGGAG,210
GGCCGATGCCGAAT,205
GGCCGATGTACTCT,175
GGCGACACTGCCCT,354
GGCGACTGCGTAAC,185
GGCGCATGCCTAAG,196
GGCGCATGCTCCAC,217
GGCGCATGTGGAAA,100
GGCGGACTAGAGGC,163
GGCGGACTAGGAGC,198
GGCGGACTCTGACA,133
GGCGGACTCTTGGA,195
GGCGGACTTACTGG,158
GGCGGACTTGAACC,170
GGCTAAACACCTGA,235
GGCTAAACTCTTAC,180
GGCTAATGAGCACT,177
GGCTAATGGTCTAG,154
GGCTCACTACTCAG,270
GGGAACGAAGCTCA,376
GGGAACGACACAAC,156
GGGAACGAGTGTCA,144
GGGAAGTGTTGAGC,161
GGGACCACACGTTG,198
GGGACCACAGAACA,168
GGGACCACGAATAG,197
GGGACCACGTCATG,170
GGGACCACTCAAGC,96
GGGACCACTCGTGA,152
GGGACCACTGCATG,119
GGGACCTGACCCTC,256
GGGACCTGCTTGCC,173
GGGACCTGTGGAGG,136
GGGATGGACGACAT,114
GGGATGGATACTTC,186
GGGATGGATGGTTG,230
GGGATTACGTCTAG,215
GGGCAAGATGCATG,145
GGGCACACGGTGAG,293
GGGCACACGTTGCA,293
GGGCAGCTTGGGAG,206
GGGCAGCTTTTCTG,150
GGGCCAACCTTGGA,476
GGGCCAACGCGTTA,177
GGGCCAACTACGCA,165
GGGCCAACTCCAAG,197
GGGCCATGATGGTC,184
GGGCCATGTTGACG,193
GGGTAACTCAGCTA,251
GGGTAACTCTAGTG,140
GGGTAACTCTGGAT,142
GGGTTAACGTGCAT,226
GGTAAAGAGCTAAC,166
GGTACAACTGCAAC,209
GGTACATGAAAGCA,144
GGTACATGAGCTCA,159
GGTACATGCGGTAT,101
GGTACATGGTTACG,144
GGTACATGTGGGAG,199
GGTACTGAACTCTT,207
GGTAGTACACCACA,168
GGTAGTACACTAGC,165
GGTAGTACCCTGTC,169
GGTAGTACGCCATA,152
GGTAGTACTGTCTT,219
GGTATCGAGACAAA,86
GGTATCGATGAACC,122
GGTCAAACCAAAGA,194
GGTCTAGAGAAACA,210
GGTCTAGATAGCGT,355
GGTGATACCGACTA,178
GGTGATACGACTAC,238
GGTGATACTGTTTC,181
GGTGGAGAAACGGG,174
GGTGGAGAAGTAGA,175
GGTGGAGACAGATC,182
GGTGGAGATCGATG,195
GGTGGAGATCTCTA,153
GGTGGAGATTACTC,201
GGTTTACTACGCAT,219
GTAACGTGACCTCC,321
GTAACGTGATCGGT,145
GTAACGTGCAGCTA,173
GTAACGTGGTTGAC,161
GTAAGCACAACGGG,162
GTAAGCACTCATTC,110
GTAAGCTGGTACCA,169
GTAATAACCTTCTA,213
GTAATAACGTTGTG,109
GTACCCTGACAGTC,390
GTACCCTGGAGCTT,175
GTACCCTGTCCTTA,175
GTACCCTGTGAACC,163
GTACGTGAACGTTG,145
GTACTTTGTCGACA,204
GTAGACTGAGATGA,219
GTAGACTGTATTCC,156
GTAGCAACAGTCGT,212
GTAGCAACCATTTC,155
GTAGCAACGGTAGG,116
GTAGCATGCACTCC,129
GTAGCATGTAAGCC,169
GTAGCCCTGACGTT,175
GTAGCTGAAGCTAC,419
GTAGCTGAATTCGG,201
GTAGGTACACGGGA,248
GTAGTGACCTCATT,139
GTAGTGTGAGCGGA,225
GTAGTGTGAGGCGA,126
GTAGTGTGTGGTTG,137
GTATCACTGGTAGG,240
GTATCTACAGAAGT,230
GTATCTACGACGAG,182
GTATCTACGTTACG,215
GTATTAGAAACAGA,343
GTATTAGAGGTCTA,117
GTATTCACACAGCT,138
GTATTCACGGGTGA,153
GTCAACGACACTGA,250
GTCAACGAGTGTAC,213
GTCAATCTACACCA,190
GTCAATCTGTAGCT,286
GTCAATCTTGTGGT,156
GTCACCTGCCTCCA,167
GTCACCTGTCCCGT,208
GTCATACTAATCGC,147
GTCATACTGCGATT,170
GTCATACTTCGCCT,107
GTCATACTTTACCT,175
GTCATACTTTGACG,214
GTCCAAGAAAAACG,158
GTCCACTGACCTCC,182
GTCCACTGGGTACT,357
GTCCAGCTACGGGA,188
GTCCCATGTGGTGT,363
GTCGAATGAAGGCG,256
GTCGACCTGAATGA,188
GTCGACCTGTTCAG,126
GTCGCACTTGAGAA,341
GTCTAACTGGTCTA,277
GTCTAGGAGCTTCC,305
GTGAACACACTCTT,132
GTGAACACTCAGGT,120
GTGACCCTTAAGCC,151
GTGATGACAAGTGA,435
GTGATGACCTGAGT,107
GTGATGACGGTTTG,181
GTGATTCTCATTTC,209
GTGATTCTCTCTCG,211
GTGATTCTGGTTCA,180
GTGATTCTGTCGAT,131
GTGATTCTTAGCGT,103
GTGCCACTCAGGAG,132
GTGGATTGCACTAG,362
GTGGATTGCGGAGA,233
GTGGATTGTAACGC,172
GTGTACGATCAGTG,149
GTGTAGTGGGTACT,198
GTGTATCTAGCCTA,129
GTGTATCTAGTAGA,352
GTGTATCTGTTACG,180
GTGTCAGAAGCGTT,183
GTTAAAACCGAGAG,225
GTTAAATGCTCGAA,158
GTTAAATGTCGACA,273
GTTAACCTAGCTAC,174
GTTAACCTTGCTTT,397
GTTAGGTGCACTCC,109
GTTAGGTGCCAGTA,390
GTTAGGTGCCCAAA,258
GTTAGGTGGAACTC,162
GTTAGTCTAAGAAC,130
GTTATAGAGGACAG,150
GTTATGCTTTCATC,170
GTTCAACTGGGACA,177
GTTCAACTTATGCG,182
GTTGACGAGCCCTT,212
GTTGACGATATCGG,265
GTTGAGTGGTCTTT,352
GTTGAGTGTGCTTT,236
GTTGATCTGGGACA,68
GTTGATCTTTTCAC,241
GTTGGATGTTTACC,357
GTTGTACTATTCCT,285
GTTGTACTTTTGGG,186
GTTTAAGACCATGA,250
GTTTAAGACTGTCC,161
TAAACAACCAACCA,251
TAAACAACGAATCC,227
TAAAGACTCAGGAG,208
TAAATCGATGAGGG,155
TAACAATGTGCCCT,137
TAACACCTTCGCTC,243
TAACACCTTCGTAG,302
TAACACCTTGTTTC,123
TAACATGACACTAG,251
TAACCGGACTTACT,131
TAACGTCTCAACCA,173
TAACGTCTCATTGG,190
TAACTAGAATTTCC,203
TAACTAGACTTAGG,202
TAACTAGATCTGGA,163
TAACTCACGAGGAC,200
TAACTCACGTACAC,148
TAACTCACGTATCG,287
TAACTCACTCTACT,218
TAAGAACTGTGTCA,154
TAAGAGGACTAAGC,178
TAAGAGGACTTGTT,193
TAAGATACGGTTCA,168
TAAGATTGCGTAGT,215
TAAGATTGTTGCTT,203
TAAGCGTGAGGTTC,237
TAAGCGTGGACAAA,416
TAAGCGTGGGAAAT,189
TAAGCGTGTGCTCC,366
TAAGGCTGCCATGA,212
TAAGGCTGCTGCTC,142
TAAGGCTGTCTCGC,300
TAAGGGCTGCTGTA,204
TAAGGGCTTTACTC,181
TAAGTAACCGAGAG,76
TAAGTAACCTCCAC,153
TAAGTAACCTGTAG,245
TAAGTAACTTGTCT,156
TAATGATGAGCGGA,179
TAATGCCTCATGAC,262
TAATGCCTCGTCTC,397
TAATGTGAAGATGA,89
TAATGTGACTGCAA,242
TAATGTGATTACTC,176
TACAAATGGGTACT,198
TACAATGAAAACAG,202
TACAATGACTTAGG,146
TACAATGATGCTAG,176
TACACACTCACACA,214
TACACACTCTTACT,131
TACATAGAACGCAT,176
TACATCACACGGGA,129
TACATCACCTGTTT,353
TACATCACGCTAAC,147
TACATCACTGAACC,364
TACCATTGAGGTTC,113
TACCATTGCGGGAA,179
TACCATTGGGGATG,141
TACCATTGTGAGGG,201
TACCGGCTGTTGGT,197
TACGAGTGATCTCT,183
TACGAGTGATGCTG,291
TACGAGTGCGGAGA,215
TACGAGTGGTTGGT,188
TACGATCTAGTGTC,126
TACGATCTCACTGA,344
TACGATCTTACGAC,155
TACGCAGAGAATCC,202
TACGCCACATTCCT,184
TACGCCACTCCCAC,396
TACGCCACTCCGAA,170
TACGGAACGCGTTA,128
TACGGCCTGGGACA,179
TACGTACTACGGAG,371
TACGTACTCAGTTG,212
TACGTACTCCCGTT,173
TACGTTACAGAAGT,167
TACGTTACCAAGCT,166
TACTAAGAAAGGTA,107
TACTAAGAATCACG,118
TACTAAGATGATGC,209
TACTAAGATTGCGA,186
TACTACACGAGAGC,214
TACTACACTTACCT,80
TACTACTGAACCTG,186
TACTACTGATGTCG,252
TACTACTGATTCTC,159
TACTACTGTATGGC,180
TACTCAACGGTCTA,287
TACTCAACTGCTAG,173
TACTCCCTCAGTTG,124
TACTCTGAATCGAC,193
TACTCTGACGAGTT,189
TACTCTGATTGACG,165
TACTGGGATCGATG,253
TACTGTTGAAAGCA,162
TACTGTTGAGGCGA,196
TACTGTTGCTGAAC,382
TACTTGACTCCTCG,184
TACTTGACTGGTGT,128
TACTTTCTTTTGGG,139
TAGAAACTAATCGC,166
TAGAAACTGCTTCC,228
TAGAAACTGGGATG,147
TAGAATTGCGACAT,112
TAGAATTGTATCGG,214
TAGACGTGCTTGAG,132
TAGACGTGTCGCTC,189
TAGAGCACCTTACT,135
TAGATTGACTTGTT,138
TAGATTGAGGCATT,85
TAGCATCTCAGCTA,201
TAGCATCTCCCTCA,108
TAGCATCTGCTGTA,308
TAGCATCTGGGACA,135
TAGCATCTTGTCGA,121
TAGCCCACAAAAGC,205
TAGCCCACAGCCAT,208
TAGCCCACAGCTAC,266
TAGCCCACCCACAA,110
TAGCCCTGCGGAGA,158
TAGCCGCTTACGAC,204
TAGCCGCTTACTTC,198
TAGCCGCTTTCCAT,250
TAGCTACTGAATAG,171
TAGCTACTGTAGCT,227
TAGCTACTTTTGCT,103
TAGGACTGTGCTGA,164
TAGGAGCTAAGGCG,158
TAGGAGCTGAGGGT,180
TAGGAGCTTGCATG,116
TAGGCAACCGTCTC,118
TAGGCATGCTCTCG,311
TAGGCATGGCGAGA,222
TAGGCTGATGCCTC,168
TAGGGACTGAACTC,202
TAGGTCGACACTGA,178
TAGGTCGAGGATCT,118
TAGGTGACACACTG,188
TAGGTGACACGTTG,161
TAGGTGTGTTCTGT,174
TAGGTTCTGAAGGC,276
TAGGTTCTTCTTAC,301
TAGGTTCTTGCTGA,334
TAGTAAACCTCGCT,171
TAGTAAACGTCACA,269
TAGTAATGAGATCC,131
TAGTACCTAAGAAC,163
TAGTATGATCTTAC,155
TAGTATGATTCTCA,230
TAGTCTTGGCTGTA,39
TAGTCTTGGGACTT,97
TAGTCTTGTGGAAA,186
TAGTGGTGAAGTGA,241
TAGTTAGAACCACA,202
TAGTTAGATGAACC,178
TATAAGACAACAGA,91
TATAAGACAGCTCA,351
TATAAGTGACACCA,327
TATAAGTGTATCGG,120
TATAAGTGTGGTGT,378
TATACAGAACCCTC,166
TATACAGAAGAACA,125
TATACAGATCCAGA,178
TATACCACCTGATG,159
TATACGCTACCAAC,163
TATAGATGGACGGA,176
TATAGATGTTCCGC,302
TATCCAACCAGCTA,124
TATCCAACTCTCTA,181
TATCGACTACTAGC,148
TATCGACTCGATAC,290
TATCGTACAGATGA,188
TATCGTACATTCCT,217
TATCTCGAGAGATA,78
TATCTGACAGGTTC,180
TATCTGACTGTTTC,180
TATCTTCTAAACAG,193
TATGAATGGAGGAC,209
TATGAATGTTTGCT,326
TATGCGGATAACCG,147
TATGGGTGCATCAG,339
TATGGGTGCTAGCA,197
TATGGTCTCTACCC,148
TATGTCACGGAACG,248
TATGTCACTAACCG,309
TATGTCACTTCTCA,140
TATGTGCTCCGATA,258
TATGTGCTGGATTC,163
TATTGCTGAAGAAC,105
TATTGCTGCCGTTC,98
TATTGCTGTCTGGA,138
TATTGCTGTGCACA,79
TATTTCCTATTGGC,164
TATTTCCTGGAGGT,271
TATTTCCTGGTGTT,158
TCAACACTGTTTGG,278
TCAAGGACAGCGTT,129
TCAAGGACATTCTC,126
TCAAGGACGGTGTT,194
TCAATCACACTCTT,195
TCAATCACAGTCGT,234
TCACAACTATGTGC,140
TCACAACTTTGCTT,142
TCACATACACTTTC,207
TCACATACAGGGTG,90
TCACCCGAGACGGA,355
TCACCGTGCTCGCT,402
TCACCTCTACGACT,183
TCACCTCTTCCAAG,292
TCACGAGAGGAGGT,155
TCACTATGGGGCAA,145
TCACTATGGTTGTG,77
TCAGACGACGCTAA,188
TCAGACGACGTTAG,231
TCAGAGACTCCAGA,118
TCAGCAGACTCCAC,178
TCAGCGCTCTAGTG,158
TCAGCGCTGGATCT,119
TCAGCGCTGGTATC,173
TCAGGATGAAGTAG,131
TCAGGATGCCTTTA,298
TCAGTGGAAGATCC,152
TCAGTTACCTACGA,267
TCAGTTACTAGAAG,177
TCATCAACCCGATA,147
TCATCAACTGTTCT,301
TCATCATGCAGTTG,195
TCATCCCTTACTGG,223
TCATTCGATACAGC,359
TCCACGTGGAAACA,221
TCCACTCTACACTG,197
TCCACTCTGAGCTT,265
TCCACTCTTACTTC,132
TCCATAACAAAGTG,162
TCCATAACCGTAGT,209
TCCATAACGATGAA,247
TCCATAACTACGCA,211
TCCATCCTCCCTAC,197
TCCCACGATCATTC,193
TCCCATCTCAAAGA,274
TCCCGAACACAGTC,218
TCCCGAACTTCGCC,345
TCCCGATGAGATCC,162
TCCCGATGCCTGAA,114
TCCCTACTCAACTG,144
TCCGAAGACAATCG,133
TCCGAAGACGTTAG,169
TCCGGACTGAGGTG,202
TCCGGACTGTACGT,154
TCCTAAACATCGAC,82
TCCTAAACCGAGAG,243
TCCTAAACCGCATA,157
TCCTAATGGTTTGG,255
TCCTACCTGTCGTA,181
TCCTATGAAAAGCA,144
TCGAATCTCTGGTA,142
TCGACCTGCCGATA,222
TCGACGCTTCTATC,223
TCGACGCTTTGACG,167
TCGAGAACGACAGG,181
TCGAGAACGTTAGC,296
TCGAGCCTATCAGC,119
TCGAGCCTGCGAGA,262
TCGAGCCTTGTGAC,156
TCGATACTATTCCT,183
TCGATACTTGCACA,160
TCGATTTGATGCCA,176
TCGATTTGCACTCC,158
TCGATTTGCAGCTA,189
TCGATTTGCCTACC,235
TCGATTTGTCGTGA,193
TCGCAGCTAGATCC,171
TCGCCATGAGACTC,138
TCGCCATGTGGTCA,155
TCGGACCTAACAGA,164
TCGGACCTATAAGG,149
TCGGACCTGTACAC,351
TCGGTAGAGTAGGG,160
TCGGTAGATCCCAC,171
TCGTAGGATCGACA,230
TCGTTATGGACAAA,167
TCTAACACCAGTTG,126
TCTAACACGAGCAG,277
TCTAACTGAACCAC,184
TCTAAGCTAATGCC,169
TCTAAGCTTAGTCG,165
TCTAAGCTTCTAGG,312
TCTAAGCTTGTTCT,182
TCTAAGCTTTCGCC,75
TCTACAACGACTAC,261
TCTAGACTTAGAAG,184
TCTAGTTGCACCAA,285
TCTATGTGAAGAGT,117
TCTATGTGAGTCTG,107
TCTCAAACCTAAGC,137
TCTCTAGAATTTCC,206
TCTGATACACGTGT,170
TCTGATACTCGCCT,172
TCTTACGAACCTGA,216
TCTTCAGAGCTACA,334
TCTTGATGCGGAGA,185
TGAAATTGGTGAGG,265
TGAACCGAAAACGA,148
TGAACCGACTACTT,294
TGAACCGATTCGGA,238
TGAAGCACTCACGA,156
TGAAGCTGAACGAA,141
TGAAGCTGCATGGT,176
TGAAGCTGCGTAAC,154
TGAATAACCACTTT,201
TGAATAACTCCCAC,220
TGACACGACCTTAT,125
TGACCAGACAACCA,152
TGACCAGAGGATTC,143
TGACCGCTAAAAGC,230
TGACCGCTCTGCAA,125
TGACGATGCAAAGA,168
TGACGCCTGTACCA,398
TGACGCCTTTACTC,264
TGACTGGAAGAGAT,138
TGACTGGACCGTAA,145
TGACTGGACGCAAT,114
TGACTGGAGGACAG,150
TGACTGGATTCTCA,270
TGACTTACACACCA,214
TGACTTACAGTCTG,321
TGACTTTGCGCATA,159
TGACTTTGTTTGTC,179
TGAGACACAAGGTA,364
TGAGACACTCAAGC,166
TGAGCTGAATGCTG,345
TGAGCTGACTGGAT,206
TGAGCTGATGCTAG,75
TGAGGACTCTCATT,285
TGAGGACTTCATTC,228
TGAGGTACGAACCT,393
TGAGTCGAGTTACG,158
TGAGTGACTGAGCT,191
TGATAAACGAATCC,195
TGATAAACTCCGTC,227
TGATAAACTTTCAC,156
TGATACCTCACTAG,141
TGATACCTGTTGGT,163
TGATACCTTATGCG,164
TGATACCTTGAAGA,204
TGATATGAACCTTT,189
TGATCACTAGCATC,124
TGATCACTCTCGCT,145
TGATCACTTCTACT,141
TGATCGGACTGACA,363
TGATCGGAGGAGCA,144
TGATCGGATATGCG,164
TGATTAGACATTGG,203
TGATTAGATGACTG,110
TGATTAGATGCTAG,149
TGATTCACTATGCG,115
TGATTCACTGTCAG,154
TGATTCTGCCGAAT,232
TGATTCTGCTCTTA,211
TGCAAGTGAGAACA,177
TGCAAGTGGGTAGG,173
TGCAATCTTCAGGT,470
TGCACAGACGACAT,274
TGCCAAGAGCAGTT,248
TGCCAAGATCTCTA,183
TGCCACTGAACGTC,220
TGCCACTGCGATAC,212
TGCCAGCTTGGCAT,160
TGCCCAACAGCAAA,188
TGCCCAACCGCATA,253
TGCCGACTCTCCCA,136
TGCGAAACAGTCAC,196
TGCGAAACGTTGCA,138
TGCGATGAACGGTT,154
TGCGATGACCTCGT,190
TGCGATGACTAGTG,222
TGCGATGACTGCTC,179
TGCGATGACTTGCC,187
TGCGATGAGTGCTA,233
TGCGCACTCTTGAG,128
TGCGTAGAATAAGG,168
TGCGTAGACGGGAA,145
TGCGTAGATGGTCA,413
TGCTAGGAAACCGT,191
TGCTAGGATAGTCG,172
TGCTATACGGTTCA,186
TGCTATACTGCTGA,220
TGCTGAGAGAGCAG,217
TGCTGAGATTATCC,172
TGGAAAGACTCTCG,158
TGGAAAGAGCGATT,252
TGGAAAGAGGTCAT,317
TGGAAAGATATGGC,109
TGGAACACAAACAG,191
TGGAACACGCTAAC,136
TGGAAGCTCAGATC,150
TGGACCCTACACTG,111
TGGACCCTCATGGT,178
TGGACCCTGGTACT,327
TGGACTGAGTATGC,266
TGGAGACTATCAGC,267
TGGAGACTTCAAGC,141
TGGAGACTTGACCA,178
TGGAGGGACGGAGA,219
TGGAGGGAGCTATG,99
TGGATCGATAAAGG,188
TGGATGTGACCTAG,111
TGGATGTGTGAAGA,215
TGGATTCTCATACG,205
TGGCAATGCTTGTT,156
TGGCACCTTCACGA,73
TGGCACCTTCAGTG,232
TGGGTATGAAGAGT,229
TGGGTATGCACAAC,275
TGGGTATGGTACGT,108
TGGGTATGTTTGGG,186
TGGTAGACATGCCA,192
TGGTAGACCCTCAC,220
TGGTAGACCTGATG,159
TGGTAGTGCACTGA,125
TGGTATCTAAACAG,142
TGGTATCTCTTCCG,180
TGGTCAGACCCAAA,172
TGGTTACTGACGTT,229
TGGTTACTGTTCTT,188
TGTAACCTAGAGGC,165
TGTAACCTTGCCTC,222
TGTAATGACACAAC,164
TGTAATGAGGTAAA,137
TGTACTTGCTCTAT,365
TGTAGGTGCGAGAG,116
TGTAGGTGCTATGG,251
TGTAGGTGCTCTAT,460
TGTAGGTGTGCTGA,195
TGTAGTCTTCCAGA,278
TGTAGTCTTGCACA,199
TGTATCTGTTAGGC,196
TGTATGCTCATGGT,130
TGTATGCTGTAGGG,127
TGTATGCTTTCATC,129
TGTCAGGAATACCG,191
TGTCAGGAGATGAA,358
TGTCTAACCCCTTG,134
TGTGACGATTCTCA,271
TGTGAGACTGTCAG,240
TGTGAGACTTGAGC,185
TGTGAGTGACCACA,111
TGTGAGTGAGTGCT,345
TGTGAGTGGAGATA,105
TGTGATCTCTCTAT,142
TGTGATCTGACACT,92
TGTGGATGGCCAAT,127
TGTTAAGACAAAGA,109
TGTTAAGATAAGGA,226
TGTTACACCGCATA,290
TGTTACACGACTAC,184
TGTTACTGGCTACA,228
TGTTACTGTAGTCG,166
TTAACCACCGTAAC,175
TTAACCACTAAGGA,120
TTAACCACTCAGAC,159
TTACACACGTGTTG,159
TTACACACTCCTAT,166
TTACCATGAATCGC,235
TTACCATGGTTGAC,294
TTACCATGTGTCTT,139
TTACCATGTTGTGG,141
TTACGACTGAGAGC,243
TTACGACTTGACAC,188
TTACGTACGTTCAG,94
TTACTCGAAGAATG,293
TTACTCGACGCAAT,398
TTACTCGAGGGTGA,195
TTACTCGATCTACT,264
TTAGAATGTGGTGT,133
TTAGAATGTGTAGC,58
TTAGACCTCCTACC,164
TTAGACCTCCTTTA,204
TTAGCTACAACCGT,153
TTAGCTACTGTCCC,322
TTAGCTACTTTCGT,228
TTAGGGACGCGAAG,201
TTAGGGTGCTGGAT,210
TTAGGGTGTCCTGC,275
TTAGGTCTACTTTC,119
TTAGTCACCAGTTG,232
TTAGTCTGAAAGCA,208
TTAGTCTGCCAACA,193
TTAGTCTGTGCACA,137
TTATCCGACTAGTG,153
TTATCCGAGAAAGT,349
TTATGAGAGATAAG,102
TTATGCACGTCACA,139
TTATGGCTTATGGC,440
TTATTCCTATGCTG,321
TTATTCCTGGACAG,180
TTATTCCTGGTACT,188
TTATTCCTTCGTGA,233
TTCAAAGATAAAGG,192
TTCAACACAACAGA,185
TTCAACACCCCAAA,189
TTCAACACGGACGA,252
TTCAAGCTAAGAAC,259
TTCAAGCTAGATGA,204
TTCAAGCTGTTGAC,190
TTCAAGCTTGATGC,186
TTCAAGCTTTCGCC,184
TTCACAACCCGTTC,246
TTCACAACGTCTGA,102
TTCAGACTACCCAA,65
TTCAGACTCTCGAA,156
TTCAGTACCGACTA,195
TTCAGTACTCAAGC,314
TTCAGTACTCCTAT,163
TTCAGTTGCCAAGT,163
TTCAGTTGTCCTTA,184
TTCAGTTGTCTAGG,89
TTCAGTTGTCTCGC,134
TTCATCGAGGTGGA,181
TTCATGTGTGGTGT,220
TTCATTCTATGTCG,219
TTCATTCTTCTCTA,136
TTCCAAACCTATGG,146
TTCCAAACCTCCCA,217
TTCCAAACTCCCAC,118
TTCCAAACTTGACG,155
TTCCATGACGAGAG,194
TTCCATGACTGTCC,85
TTCCCACTTGAGGG,196
TTCCCACTTGTCTT,268
TTCCTAGAAAGTGA,122
TTCCTAGACTAGTG,217
TTCGAGGACTCTAT,189
TTCGAGGAGGGCAA,182
TTCGAGGATAGAAG,214
TTCGATTGAGCATC,144
TTCGGAGAATGCCA,154
TTCGGAGATGTGCA,188
TTCGTATGAAAAGC,203
TTCGTATGGATAGA,191
TTCGTATGGTCTGA,178
TTCGTATGTCCTTA,354
TTCTACGAACGTAC,174
TTCTACGAGTTGGT,221
TTCTAGTGACACGT,240
TTCTAGTGCATGAC,218
TTCTAGTGGAGAGC,210
TTCTAGTGGTCACA,262
TTCTCAGAAGAGAT,181
TTCTCAGAAGCATC,207
TTCTCAGATGGAGG,234
TTCTGATGGAGACG,286
TTCTTACTCTGGAT,178
TTGAACCTCCTTGC,140
TTGAATGAACTACG,220
TTGAATGACTTACT,148
TTGAATGATCTCAT,150
TTGACACTCTGTAG,182
TTGACACTGATAAG,133
TTGAGGACAGAACA,250
TTGAGGACTACGCA,439
TTGAGGTGGACGGA,142
TTGCATTGAGCTAC,155
TTGCATTGCTAAGC,276
TTGCATTGTGACTG,171
TTGCTAACACCAAC,173
TTGCTAACACGCTA,227
TTGCTAACCACTCC,133
TTGCTATGGTACGT,284
TTGCTATGGTAGGG,314
TTGGAGACCAATCG,283
TTGGAGACGCTATG,206
TTGGAGACTATGGC,158
TTGGGAACTGAACC,179
TTGGTACTACTGGT,280
TTGGTACTCTTAGG,145
TTGGTACTGAATCC,138
TTGGTACTGGATTC,154
TTGTACACGTTGTG,131
TTGTACACTTGCAG,180
TTGTAGCTAGCTCA,196
TTGTAGCTCTCTTA,181
TTGTCATGGACGGA,268
TTTAGAGATCCTCG,174
TTTAGCTGATACCG,187
TTTAGCTGGATACC,218
TTTAGCTGTACTCT,374
TTTAGGCTCCTTTA,191
TTTATCCTGTTGTG,294
TTTCACGAGGTTCA,142
TTTCAGTGGAAGGC,166
TTTCAGTGTCACGA,175
TTTCAGTGTCTATC,125
TTTCAGTGTGCAGT,142
TTTCCAGAGGTGAG,195
TTTCGAACACCTGA,355
TTTCGAACTCTCAT,306
TTTCTACTGAGGCA,255
TTTCTACTTCCTCG,146
TTTGCATGAGAGGC,107
TTTGCATGCCTCAC,152
